{"cameraMode":{"drawMode":0,"name":"Shaded","section":"Shading Mode"},"sceneLighting":true,"audioPlay":false,"sceneViewState":{"m_AlwaysRefresh":false,"showFog":true,"showSkybox":true,"showFlares":true,"showImageEffects":true,"showParticleSystems":true,"showVisualEffectGraphs":true,"m_FxEnabled":true},"in2DMode":false,"pivot":{"x":1.1543747186660767,"y":-1.2367315292358399,"z":0.28137898445129397},"rotation":{"x":-0.024784667417407037,"y":0.9751186966896057,"z":-0.16747210919857026,"w":-0.14374791085720063},"size":2.2222886085510256,"orthographic":false}